"C:\Users\mjelt\Desktop\Senior Project\venv\Scripts\python.exe ""C:/Users/mjelt/Desktop/Senior Project/Collector.py""",,,,,,,,,,,,,,,,,,,,,,,
,,,,,,,,,,,,,,,,,,,,,,,
Data for: datasets/nvdcve-1.0-2002.json,,,,,,,,,,,,,,,,,,,,,,,
Year,average score,deviation,,severities,,,vectors,,,complexities,,,authentication,,,confidentiality,,,integrity,,,availability,
,,,Low,Medium,High,Network,Adjacent Network,Local,Low,Medium,High,None,Single,Multiple,None,Partial,Complete,None,Partial,Complete,None,Partial,Complete
CWE-119,7.53,1.8,1,16,47,57,0,7,56,5,3,61,3,0,18,20,26,18,20,26,1,33,30
CWE-264,6.64,1.94,5,19,25,33,0,16,44,5,0,48,1,0,7,26,16,7,25,17,21,10,18
CWE-89,7.5,0,0,0,7,7,0,0,7,0,0,7,0,0,0,7,0,0,7,0,0,7,0
CWE-20,6.7,1.76,0,23,24,47,0,0,43,4,0,45,2,0,30,11,6,34,7,6,6,21,20
CWE-284,7.5,0,0,0,1,1,0,0,1,0,0,1,0,0,0,1,0,0,1,0,0,1,0
CWE-416, nan,nan,0,0,0,0,0,0,0,0,0,0,0,0,0,0,0,0,0,0,0,0,0
CWE-399,6.48,1.34,0,4,5,9,0,0,8,1,0,9,0,0,9,0,0,9,0,0,0,4,5
CWE-77, nan,nan,0,0,0,0,0,0,0,0,0,0,0,0,0,0,0,0,0,0,0,0,0
CWE-787, nan,nan,0,0,0,0,0,0,0,0,0,0,0,0,0,0,0,0,0,0,0,0,0
CWE-125, nan,nan,0,0,0,0,0,0,0,0,0,0,0,0,0,0,0,0,0,0,0,0,0
CWE-426, nan,nan,0,0,0,0,0,0,0,0,0,0,0,0,0,0,0,0,0,0,0,0,0
CWE-287,7.86,2.15,0,4,6,10,0,0,8,2,0,10,0,0,1,4,5,3,2,5,2,3,5
CWE-78,7.5,0,0,0,1,1,0,0,1,0,0,1,0,0,0,1,0,0,1,0,0,1,0
CWE-190, nan,nan,0,0,0,0,0,0,0,0,0,0,0,0,0,0,0,0,0,0,0,0,0
CWE-502, nan,nan,0,0,0,0,0,0,0,0,0,0,0,0,0,0,0,0,0,0,0,0,0
CWE-798, nan,nan,0,0,0,0,0,0,0,0,0,0,0,0,0,0,0,0,0,0,0,0,0
,,,,,,,,,,,,,,,,,,,,,,,
Data for: datasets/nvdcve-1.0-2003.json,,,,,,,,,,,,,,,,,,,,,,,
Year,average score,deviation,,severities,,,vectors,,,complexities,,,authentication,,,confidentiality,,,integrity,,,availability,
,,,Low,Medium,High,Network,Adjacent Network,Local,Low,Medium,High,None,Single,Multiple,None,Partial,Complete,None,Partial,Complete,None,Partial,Complete
CWE-119,7.26,1.88,0,21,39,48,0,12,44,15,1,54,6,0,19,16,25,17,17,26,2,25,33
CWE-264,7.17,1.81,1,8,16,16,0,9,21,4,0,25,0,0,1,12,12,5,8,12,6,8,11
CWE-89,7.56,0.77,0,2,11,13,0,0,12,1,0,12,1,0,0,12,1,0,12,1,0,12,1
CWE-20,6,1.83,1,20,10,29,0,2,20,11,0,29,2,0,19,9,3,16,12,3,8,15,8
CWE-284, nan,nan,0,0,0,0,0,0,0,0,0,0,0,0,0,0,0,0,0,0,0,0,0
CWE-416, nan,nan,0,0,0,0,0,0,0,0,0,0,0,0,0,0,0,0,0,0,0,0,0
CWE-399,4.88,1.67,1,4,1,5,0,1,4,1,1,6,0,0,5,1,0,5,1,0,0,5,1
CWE-77, nan,nan,0,0,0,0,0,0,0,0,0,0,0,0,0,0,0,0,0,0,0,0,0
CWE-787, nan,nan,0,0,0,0,0,0,0,0,0,0,0,0,0,0,0,0,0,0,0,0,0
CWE-125, nan,nan,0,0,0,0,0,0,0,0,0,0,0,0,0,0,0,0,0,0,0,0,0
CWE-426, nan,nan,0,0,0,0,0,0,0,0,0,0,0,0,0,0,0,0,0,0,0,0,0
CWE-287,6.47,1.74,1,4,4,9,0,0,4,5,0,8,1,0,2,6,1,2,6,1,2,6,1
CWE-78, nan,nan,0,0,0,0,0,0,0,0,0,0,0,0,0,0,0,0,0,0,0,0,0
CWE-190, nan,nan,0,0,0,0,0,0,0,0,0,0,0,0,0,0,0,0,0,0,0,0,0
CWE-502, nan,nan,0,0,0,0,0,0,0,0,0,0,0,0,0,0,0,0,0,0,0,0,0
CWE-798, nan,nan,0,0,0,0,0,0,0,0,0,0,0,0,0,0,0,0,0,0,0,0,0
,,,,,,,,,,,,,,,,,,,,,,,
Data for: datasets/nvdcve-1.0-2004.json,,,,,,,,,,,,,,,,,,,,,,,
Year,average score,deviation,,severities,,,vectors,,,complexities,,,authentication,,,confidentiality,,,integrity,,,availability,
,,,Low,Medium,High,Network,Adjacent Network,Local,Low,Medium,High,None,Single,Multiple,None,Partial,Complete,None,Partial,Complete,None,Partial,Complete
CWE-119,7.62,1.91,1,10,20,27,0,4,22,9,0,26,5,0,5,11,15,5,11,15,0,16,15
CWE-264,6.4,2.08,2,12,12,17,0,9,17,9,0,23,3,0,5,12,9,5,11,10,7,9,10
CWE-89,7.31,0.36,0,2,7,9,0,0,8,1,0,8,1,0,0,9,0,0,9,0,0,9,0
CWE-20,6.15,1.69,0,10,5,14,0,1,12,3,0,15,0,0,9,4,2,9,4,2,1,11,3
CWE-284, nan,nan,0,0,0,0,0,0,0,0,0,0,0,0,0,0,0,0,0,0,0,0,0
CWE-416, nan,nan,0,0,0,0,0,0,0,0,0,0,0,0,0,0,0,0,0,0,0,0,0
CWE-399,4.52,0.96,1,4,0,5,0,0,4,0,1,5,0,0,5,0,0,5,0,0,0,5,0
CWE-77, nan,nan,0,0,0,0,0,0,0,0,0,0,0,0,0,0,0,0,0,0,0,0,0
CWE-787, nan,nan,0,0,0,0,0,0,0,0,0,0,0,0,0,0,0,0,0,0,0,0,0
CWE-125, nan,nan,0,0,0,0,0,0,0,0,0,0,0,0,0,0,0,0,0,0,0,0,0
CWE-426, nan,nan,0,0,0,0,0,0,0,0,0,0,0,0,0,0,0,0,0,0,0,0,0
CWE-287,7.85,1.74,0,1,5,6,0,0,5,1,0,6,0,0,2,2,2,1,3,2,1,2,3
CWE-78,4.3,0,0,1,0,1,0,0,0,1,0,1,0,0,0,1,0,1,0,0,1,0,0
CWE-190, nan,nan,0,0,0,0,0,0,0,0,0,0,0,0,0,0,0,0,0,0,0,0,0
CWE-502, nan,nan,0,0,0,0,0,0,0,0,0,0,0,0,0,0,0,0,0,0,0,0,0
CWE-798, nan,nan,0,0,0,0,0,0,0,0,0,0,0,0,0,0,0,0,0,0,0,0,0
,,,,,,,,,,,,,,,,,,,,,,,
Data for: datasets/nvdcve-1.0-2005.json,,,,,,,,,,,,,,,,,,,,,,,
Year,average score,deviation,,severities,,,vectors,,,complexities,,,authentication,,,confidentiality,,,integrity,,,availability,
,,,Low,Medium,High,Network,Adjacent Network,Local,Low,Medium,High,None,Single,Multiple,None,Partial,Complete,None,Partial,Complete,None,Partial,Complete
CWE-119,6.86,1.73,2,25,42,61,0,8,49,10,10,67,2,0,14,41,14,12,43,14,2,50,17
CWE-264,5.94,1.65,3,20,16,23,0,15,35,3,1,36,3,0,6,24,9,9,21,9,13,17,9
CWE-89,7.39,0.39,0,5,45,50,0,0,46,3,1,49,1,0,0,50,0,0,50,0,0,50,0
CWE-20,5.6,2.17,5,10,12,22,0,5,23,3,1,26,1,0,17,9,1,16,9,2,3,20,4
CWE-284,5,0,0,1,0,1,0,0,1,0,0,1,0,0,0,1,0,1,0,0,1,0,0
CWE-416, nan,nan,0,0,0,0,0,0,0,0,0,0,0,0,0,0,0,0,0,0,0,0,0
CWE-399,4.94,2.01,8,19,7,22,0,12,30,2,2,33,1,0,31,2,1,31,1,2,1,21,12
CWE-77, nan,nan,0,0,0,0,0,0,0,0,0,0,0,0,0,0,0,0,0,0,0,0,0
CWE-787, nan,nan,0,0,0,0,0,0,0,0,0,0,0,0,0,0,0,0,0,0,0,0,0
CWE-125, nan,nan,0,0,0,0,0,0,0,0,0,0,0,0,0,0,0,0,0,0,0,0,0
CWE-426, nan,nan,0,0,0,0,0,0,0,0,0,0,0,0,0,0,0,0,0,0,0,0,0
CWE-287,6.72,1.37,0,1,4,5,0,0,4,1,0,4,1,0,1,4,0,2,3,0,1,3,1
CWE-78,9.3,0,0,0,1,1,0,0,0,1,0,1,0,0,0,0,1,0,0,1,0,0,1
CWE-190, nan,nan,0,0,0,0,0,0,0,0,0,0,0,0,0,0,0,0,0,0,0,0,0
CWE-502, nan,nan,0,0,0,0,0,0,0,0,0,0,0,0,0,0,0,0,0,0,0,0,0
CWE-798, nan,nan,0,0,0,0,0,0,0,0,0,0,0,0,0,0,0,0,0,0,0,0,0
,,,,,,,,,,,,,,,,,,,,,,,
Data for: datasets/nvdcve-1.0-2006.json,,,,,,,,,,,,,,,,,,,,,,,
Year,average score,deviation,,severities,,,vectors,,,complexities,,,authentication,,,confidentiality,,,integrity,,,availability,
,,,Low,Medium,High,Network,Adjacent Network,Local,Low,Medium,High,None,Single,Multiple,None,Partial,Complete,None,Partial,Complete,None,Partial,Complete
CWE-119,7.23,1.77,3,48,98,138,0,10,90,29,30,144,5,0,21,81,47,15,87,47,4,91,54
CWE-264,6.07,1.75,4,31,26,44,0,17,48,8,5,50,11,0,15,30,16,10,36,15,20,26,15
CWE-89,7.16,0.9,2,16,87,105,0,0,92,6,7,99,6,0,3,102,0,1,104,0,4,101,0
CWE-20,5.64,1.91,7,43,20,62,0,8,45,15,10,63,7,0,34,29,7,35,29,6,17,39,14
CWE-284, nan,nan,0,0,0,0,0,0,0,0,0,0,0,0,0,0,0,0,0,0,0,0,0
CWE-416, nan,nan,0,0,0,0,0,0,0,0,0,0,0,0,0,0,0,0,0,0,0,0,0
CWE-399,5.49,1.74,7,51,19,61,0,14,65,6,6,72,5,0,65,7,5,65,7,5,0,50,27
CWE-77, nan,nan,0,0,0,0,0,0,0,0,0,0,0,0,0,0,0,0,0,0,0,0,0
CWE-787, nan,nan,0,0,0,0,0,0,0,0,0,0,0,0,0,0,0,0,0,0,0,0,0
CWE-125, nan,nan,0,0,0,0,0,0,0,0,0,0,0,0,0,0,0,0,0,0,0,0,0
CWE-426, nan,nan,0,0,0,0,0,0,0,0,0,0,0,0,0,0,0,0,0,0,0,0,0
CWE-287,6.81,1.69,0,7,8,15,0,0,13,1,1,15,0,0,4,9,2,1,12,2,5,8,2
CWE-78,7.5,0,0,0,2,2,0,0,2,0,0,2,0,0,0,2,0,0,2,0,0,2,0
CWE-190,7.5,0,0,0,1,1,0,0,1,0,0,1,0,0,0,1,0,0,1,0,0,1,0
CWE-502, nan,nan,0,0,0,0,0,0,0,0,0,0,0,0,0,0,0,0,0,0,0,0,0
CWE-798,7.5,0,0,0,1,1,0,0,1,0,0,1,0,0,0,1,0,0,1,0,0,1,0
,,,,,,,,,,,,,,,,,,,,,,,
Data for: datasets/nvdcve-1.0-2007.json,,,,,,,,,,,,,,,,,,,,,,,
Year,average score,deviation,,severities,,,vectors,,,complexities,,,authentication,,,confidentiality,,,integrity,,,availability,
,,,Low,Medium,High,Network,Adjacent Network,Local,Low,Medium,High,None,Single,Multiple,None,Partial,Complete,None,Partial,Complete,None,Partial,Complete
CWE-119,7.93,1.68,1,152,320,412,0,55,217,241,15,443,29,1,55,147,271,52,147,274,17,169,287
CWE-264,6.34,1.97,17,126,89,162,0,67,158,64,10,197,35,0,29,124,79,56,99,77,84,68,80
CWE-89,7.41,0.51,0,41,226,267,0,0,241,25,1,251,16,0,1,260,6,1,260,6,1,260,6
CWE-20,6.31,2.06,17,116,101,201,0,29,134,92,8,221,13,0,112,75,47,110,76,48,28,126,80
CWE-284, nan,nan,0,0,0,0,0,0,0,0,0,0,0,0,0,0,0,0,0,0,0,0,0
CWE-416, nan,nan,0,0,0,0,0,0,0,0,0,0,0,0,0,0,0,0,0,0,0,0,0
CWE-399,6.36,1.96,2,55,41,81,0,15,60,34,4,89,9,0,73,4,21,72,4,22,0,42,56
CWE-77, nan,nan,0,0,0,0,0,0,0,0,0,0,0,0,0,0,0,0,0,0,0,0,0
CWE-787, nan,nan,0,0,0,0,0,0,0,0,0,0,0,0,0,0,0,0,0,0,0,0,0
CWE-125, nan,nan,0,0,0,0,0,0,0,0,0,0,0,0,0,0,0,0,0,0,0,0,0
CWE-426, nan,nan,0,0,0,0,0,0,0,0,0,0,0,0,0,0,0,0,0,0,0,0,0
CWE-287,7.22,1.99,1,28,40,63,0,5,48,20,1,63,6,0,8,37,24,11,35,23,19,27,23
CWE-78,7.88,1.05,0,2,4,6,0,0,1,4,1,6,0,0,0,3,3,0,3,3,0,3,3
CWE-190, nan,nan,0,0,0,0,0,0,0,0,0,0,0,0,0,0,0,0,0,0,0,0,0
CWE-502, nan,nan,0,0,0,0,0,0,0,0,0,0,0,0,0,0,0,0,0,0,0,0,0
CWE-798, nan,nan,0,0,0,0,0,0,0,0,0,0,0,0,0,0,0,0,0,0,0,0,0
,,,,,,,,,,,,,,,,,,,,,,,
Data for: datasets/nvdcve-1.0-2008.json,,,,,,,,,,,,,,,,,,,,,,,
Year,average score,deviation,,severities,,,vectors,,,complexities,,,authentication,,,confidentiality,,,integrity,,,availability,
,,,Low,Medium,High,Network,Adjacent Network,Local,Low,Medium,High,None,Single,Multiple,None,Partial,Complete,None,Partial,Complete,None,Partial,Complete
CWE-119,8.45,1.62,3,125,457,540,0,43,280,297,8,557,28,0,53,132,400,43,141,401,7,160,418
CWE-264,6.45,1.73,25,300,253,434,0,142,444,123,11,505,73,0,53,368,157,147,282,149,181,246,151
CWE-89,7.38,0.38,0,204,1275,1478,0,0,1314,155,10,1424,55,0,1,1475,3,0,1476,3,1,1475,3
CWE-20,6.77,1.97,16,221,234,437,0,31,279,180,12,429,42,0,220,117,134,203,134,134,45,227,199
CWE-284,6.8,0,0,1,0,1,0,0,0,1,0,1,0,0,0,1,0,0,1,0,0,1,0
CWE-416, nan,nan,0,0,0,0,0,0,0,0,0,0,0,0,0,0,0,0,0,0,0,0,0
CWE-399,6.65,2.05,3,158,132,264,0,28,161,130,2,275,18,0,187,15,91,186,16,91,1,136,156
CWE-77,8.33,1.18,0,0,3,3,0,0,3,0,0,3,0,0,0,2,1,0,2,1,0,2,1
CWE-787, nan,nan,0,0,0,0,0,0,0,0,0,0,0,0,0,0,0,0,0,0,0,0,0
CWE-125, nan,nan,0,0,0,0,0,0,0,0,0,0,0,0,0,0,0,0,0,0,0,0,0
CWE-426, nan,nan,0,0,0,0,0,0,0,0,0,0,0,0,0,0,0,0,0,0,0,0,0
CWE-287,7.33,1.31,0,65,157,216,0,6,186,35,1,214,8,0,18,169,35,27,160,35,36,147,39
CWE-78,8.78,1.42,0,1,11,11,0,1,7,5,0,11,1,0,1,2,9,1,2,9,0,2,10
CWE-190, nan,nan,0,0,0,0,0,0,0,0,0,0,0,0,0,0,0,0,0,0,0,0,0
CWE-502, nan,nan,0,0,0,0,0,0,0,0,0,0,0,0,0,0,0,0,0,0,0,0,0
CWE-798, nan,nan,0,0,0,0,0,0,0,0,0,0,0,0,0,0,0,0,0,0,0,0,0
,,,,,,,,,,,,,,,,,,,,,,,
Data for: datasets/nvdcve-1.0-2009.json,,,,,,,,,,,,,,,,,,,,,,,
Year,average score,deviation,,severities,,,vectors,,,complexities,,,authentication,,,confidentiality,,,integrity,,,availability,
,,,Low,Medium,High,Network,Adjacent Network,Local,Low,Medium,High,None,Single,Multiple,None,Partial,Complete,None,Partial,Complete,None,Partial,Complete
CWE-119,8.49,1.69,3,103,461,529,0,38,192,372,3,559,7,1,70,66,431,73,64,430,2,120,445
CWE-264,6.04,1.86,27,192,116,238,0,96,249,73,13,285,49,1,44,194,97,110,138,87,141,105,89
CWE-89,7.35,0.39,0,112,561,672,0,1,590,80,3,636,37,0,1,671,1,0,672,1,0,672,1
CWE-20,6.28,1.89,9,152,92,218,0,33,162,87,4,231,22,0,124,65,64,122,71,60,45,121,87
CWE-284,7.3,0.14,0,0,3,1,0,2,3,0,0,3,0,0,0,1,2,0,1,2,0,1,2
CWE-416, nan,nan,0,0,0,0,0,0,0,0,0,0,0,0,0,0,0,0,0,0,0,0,0
CWE-399,6.86,2.14,5,107,119,204,0,26,126,102,3,219,12,0,146,5,80,145,6,80,0,87,144
CWE-77, nan,nan,0,0,0,0,0,0,0,0,0,0,0,0,0,0,0,0,0,0,0,0,0
CWE-787, nan,nan,0,0,0,0,0,0,0,0,0,0,0,0,0,0,0,0,0,0,0,0,0
CWE-125, nan,nan,0,0,0,0,0,0,0,0,0,0,0,0,0,0,0,0,0,0,0,0,0
CWE-426, nan,nan,0,0,0,0,0,0,0,0,0,0,0,0,0,0,0,0,0,0,0,0,0
CWE-287,6.69,1.34,3,75,72,146,0,3,100,44,6,137,13,0,11,125,14,26,112,12,45,92,13
CWE-78,8.04,1.7,0,3,7,7,0,3,5,5,0,9,1,0,0,3,7,0,3,7,0,3,7
CWE-190, nan,nan,0,0,0,0,0,0,0,0,0,0,0,0,0,0,0,0,0,0,0,0,0
CWE-502, nan,nan,0,0,0,0,0,0,0,0,0,0,0,0,0,0,0,0,0,0,0,0,0
CWE-798, nan,nan,0,0,0,0,0,0,0,0,0,0,0,0,0,0,0,0,0,0,0,0,0
,,,,,,,,,,,,,,,,,,,,,,,
Data for: datasets/nvdcve-1.0-2010.json,,,,,,,,,,,,,,,,,,,,,,,
Year,average score,deviation,,severities,,,vectors,,,complexities,,,authentication,,,confidentiality,,,integrity,,,availability,
,,,Low,Medium,High,Network,Adjacent Network,Local,Low,Medium,High,None,Single,Multiple,None,Partial,Complete,None,Partial,Complete,None,Partial,Complete
CWE-119,8.31,1.55,2,137,420,523,0,30,164,378,17,539,19,1,42,133,384,41,135,383,5,164,390
CWE-264,5.78,1.94,39,216,95,247,0,101,212,125,13,277,73,0,83,166,101,102,148,100,168,81,101
CWE-89,7.43,0.28,0,53,531,584,0,0,540,44,0,567,17,0,0,583,1,0,583,1,0,582,2
CWE-20,6.55,2.1,13,167,135,269,0,44,152,154,9,287,28,0,151,60,104,138,73,104,42,125,148
CWE-284,5,0,0,1,0,1,0,0,1,0,0,1,0,0,1,0,0,0,1,0,1,0,0
CWE-416, nan,nan,0,0,0,0,0,0,0,0,0,0,0,0,0,0,0,0,0,0,0,0,0
CWE-399,6.65,2.31,12,131,128,233,0,33,146,120,5,238,33,0,153,16,102,158,13,100,6,116,149
CWE-77, nan,nan,0,0,0,0,0,0,0,0,0,0,0,0,0,0,0,0,0,0,0,0,0
CWE-787, nan,nan,0,0,0,0,0,0,0,0,0,0,0,0,0,0,0,0,0,0,0,0,0
CWE-125, nan,nan,0,0,0,0,0,0,0,0,0,0,0,0,0,0,0,0,0,0,0,0,0
CWE-426, nan,nan,0,0,0,0,0,0,0,0,0,0,0,0,0,0,0,0,0,0,0,0,0
CWE-287,6.41,1.69,2,34,20,49,0,6,34,18,4,55,1,0,9,38,9,8,39,9,20,27,9
CWE-78,8.65,1.41,0,3,9,11,0,1,8,3,1,7,5,0,0,2,10,0,2,10,0,2,10
CWE-190, nan,nan,0,0,0,0,0,0,0,0,0,0,0,0,0,0,0,0,0,0,0,0,0
CWE-502, nan,nan,0,0,0,0,0,0,0,0,0,0,0,0,0,0,0,0,0,0,0,0,0
CWE-798, nan,nan,0,0,0,0,0,0,0,0,0,0,0,0,0,0,0,0,0,0,0,0,0
,,,,,,,,,,,,,,,,,,,,,,,
Data for: datasets/nvdcve-1.0-2011.json,,,,,,,,,,,,,,,,,,,,,,,
Year,average score,deviation,,severities,,,vectors,,,complexities,,,authentication,,,confidentiality,,,integrity,,,availability,
,,,Low,Medium,High,Network,Adjacent Network,Local,Low,Medium,High,None,Single,Multiple,None,Partial,Complete,None,Partial,Complete,None,Partial,Complete
CWE-119,8.09,1.82,12,166,550,680,0,40,302,342,84,715,13,0,90,157,481,93,154,481,2,235,491
CWE-264,5.83,1.85,47,220,98,244,0,119,228,120,17,307,58,0,91,189,85,79,201,85,132,142,91
CWE-89,7.3,0.61,0,29,133,160,0,1,148,13,1,147,15,0,1,159,2,2,158,2,3,157,2
CWE-20,6.61,2.06,20,242,189,394,0,49,240,197,14,430,21,0,168,156,127,140,184,127,101,184,166
CWE-284,4.3,0,0,1,0,1,0,0,0,1,0,1,0,0,1,0,0,0,1,0,1,0,0
CWE-416, nan,nan,0,0,0,0,0,0,0,0,0,0,0,0,0,0,0,0,0,0,0,0,0
CWE-399,6.64,1.71,7,165,226,339,0,52,300,90,8,386,12,0,209,115,74,215,109,74,3,231,164
CWE-77, nan,nan,0,0,0,0,0,0,0,0,0,0,0,0,0,0,0,0,0,0,0,0,0
CWE-787, nan,nan,0,0,0,0,0,0,0,0,0,0,0,0,0,0,0,0,0,0,0,0,0
CWE-125,5,0,0,1,0,1,0,0,1,0,0,1,0,0,1,0,0,1,0,0,0,1,0
CWE-426,9.3,0,0,0,2,2,0,0,0,2,0,2,0,0,0,0,2,0,0,2,0,0,2
CWE-287,6.92,1.95,3,31,37,60,0,9,47,22,2,67,4,0,11,38,22,11,39,21,20,28,23
CWE-78,8.95,1.05,0,0,14,13,0,0,14,0,0,11,3,0,0,4,10,0,4,10,0,4,10
CWE-190,5.8,0,0,1,0,1,0,0,0,1,0,1,0,0,0,1,0,0,1,0,1,0,0
CWE-502, nan,nan,0,0,0,0,0,0,0,0,0,0,0,0,0,0,0,0,0,0,0,0,0
CWE-798, nan,nan,0,0,0,0,0,0,0,0,0,0,0,0,0,0,0,0,0,0,0,0,0
,,,,,,,,,,,,,,,,,,,,,,,
Data for: datasets/nvdcve-1.0-2012.json,,,,,,,,,,,,,,,,,,,,,,,
Year,average score,deviation,,severities,,,vectors,,,complexities,,,authentication,,,confidentiality,,,integrity,,,availability,
,,,Low,Medium,High,Network,Adjacent Network,Local,Low,Medium,High,None,Single,Multiple,None,Partial,Complete,None,Partial,Complete,None,Partial,Complete
CWE-119,8.09,1.98,13,184,483,641,0,22,348,310,22,651,29,0,136,132,412,139,130,411,0,236,444
CWE-264,5.43,1.97,94,371,129,452,0,131,353,213,28,453,140,1,206,277,111,155,330,109,315,165,114
CWE-89,7.27,0.5,0,50,171,221,0,0,206,15,0,180,41,0,0,220,1,1,219,1,1,219,1
CWE-20,6.09,1.61,13,264,97,317,0,47,176,184,14,332,41,1,146,155,73,116,186,72,135,135,104
CWE-284,5.03,1.43,1,4,1,4,0,1,4,1,1,6,0,0,5,0,1,2,3,1,3,1,2
CWE-416,8.33,1.18,0,0,9,9,0,0,9,0,0,9,0,0,0,6,3,0,6,3,0,6,3
CWE-399,6.88,2.17,18,100,139,229,0,18,180,71,6,238,19,0,135,48,74,138,46,73,2,129,126
CWE-77,5.55,0.45,0,2,0,2,0,0,0,1,1,1,1,0,0,2,0,0,2,0,0,2,0
CWE-787, nan,nan,0,0,0,0,0,0,0,0,0,0,0,0,0,0,0,0,0,0,0,0,0
CWE-125,5,0,0,3,0,3,0,0,3,0,0,3,0,0,3,0,0,3,0,0,0,3,0
CWE-426, nan,nan,0,0,0,0,0,0,0,0,0,0,0,0,0,0,0,0,0,0,0,0,0
CWE-287,6.28,1.93,5,64,32,94,0,3,65,30,6,94,7,0,30,52,19,23,59,19,49,30,22
CWE-78,8.89,0.9,0,1,28,24,0,2,26,3,0,13,16,0,0,2,27,0,2,27,0,2,27
CWE-190,10,0,0,0,2,2,0,0,2,0,0,2,0,0,0,0,2,0,0,2,0,0,2
CWE-502, nan,nan,0,0,0,0,0,0,0,0,0,0,0,0,0,0,0,0,0,0,0,0,0
CWE-798,10,0,0,0,1,1,0,0,1,0,0,1,0,0,0,0,1,0,0,1,0,0,1
,,,,,,,,,,,,,,,,,,,,,,,
Data for: datasets/nvdcve-1.0-2013.json,,,,,,,,,,,,,,,,,,,,,,,
Year,average score,deviation,,severities,,,vectors,,,complexities,,,authentication,,,confidentiality,,,integrity,,,availability,
,,,Low,Medium,High,Network,Adjacent Network,Local,Low,Medium,High,None,Single,Multiple,None,Partial,Complete,None,Partial,Complete,None,Partial,Complete
CWE-119,7.57,2.01,16,299,459,676,0,77,362,381,31,735,39,0,184,211,379,193,202,379,10,317,447
CWE-264,5.57,1.92,95,385,154,426,0,187,364,230,40,472,160,2,125,352,157,186,298,150,314,159,161
CWE-89,7.18,0.53,0,51,118,166,0,0,163,6,0,119,49,1,1,166,2,0,167,2,1,166,2
CWE-20,5.91,1.71,32,342,151,423,0,76,255,251,19,463,61,1,296,140,89,275,176,74,129,216,180
CWE-284,5.8,2.39,2,5,2,7,0,2,8,1,0,7,2,0,3,4,2,1,7,1,6,2,1
CWE-416,8.62,0.87,0,0,16,16,0,0,6,10,0,16,0,0,0,6,10,0,6,10,0,6,10
CWE-399,6.96,2.11,17,116,159,245,0,37,152,130,10,274,18,0,113,84,95,120,79,93,10,137,145
CWE-77,8.05,1.42,0,2,4,6,0,0,5,1,0,5,1,0,0,4,2,0,4,2,0,4,2
CWE-787, nan,nan,0,0,0,0,0,0,0,0,0,0,0,0,0,0,0,0,0,0,0,0,0
CWE-125,6.8,0,0,1,0,1,0,0,0,1,0,1,0,0,0,1,0,0,1,0,0,1,0
CWE-426, nan,nan,0,0,0,0,0,0,0,0,0,0,0,0,0,0,0,0,0,0,0,0,0
CWE-287,6.4,1.97,10,68,50,107,0,6,71,48,9,112,16,0,28,67,33,33,67,28,53,43,32
CWE-78,8.81,1.12,0,4,26,28,0,1,18,12,0,19,11,0,0,5,25,0,5,25,0,5,25
CWE-190,7.15,2.15,0,1,1,2,0,0,1,1,0,2,0,0,1,0,1,1,0,1,0,1,1
CWE-502,7.5,0,0,0,1,1,0,0,1,0,0,1,0,0,0,1,0,0,1,0,0,1,0
CWE-798, nan,nan,0,0,0,0,0,0,0,0,0,0,0,0,0,0,0,0,0,0,0,0,0
,,,,,,,,,,,,,,,,,,,,,,,
Data for: datasets/nvdcve-1.0-2014.json,,,,,,,,,,,,,,,,,,,,,,,
Year,average score,deviation,,severities,,,vectors,,,complexities,,,authentication,,,confidentiality,,,integrity,,,availability,
,,,Low,Medium,High,Network,Adjacent Network,Local,Low,Medium,High,None,Single,Multiple,None,Partial,Complete,None,Partial,Complete,None,Partial,Complete
CWE-119,7.72,1.8,13,300,509,762,0,54,362,442,18,793,29,0,119,313,390,138,300,384,15,394,413
CWE-264,6.01,2.05,68,382,239,504,0,164,469,200,20,495,194,0,133,362,194,185,320,184,288,204,197
CWE-89,7.18,0.63,0,84,186,267,0,0,261,8,1,187,83,0,2,263,5,2,263,5,2,262,6
CWE-20,5.89,1.85,35,328,146,423,0,68,271,215,23,418,91,0,288,136,85,248,176,85,110,228,171
CWE-284,6.02,2.19,9,35,24,56,0,10,48,19,1,58,10,0,20,33,15,18,37,13,34,18,16
CWE-416,7.99,2.08,1,1,15,15,0,2,11,5,1,17,0,0,2,5,10,2,5,10,0,7,10
CWE-399,6.18,1.89,14,147,108,225,0,33,200,66,3,248,21,0,189,44,36,193,39,37,8,146,115
CWE-77,7.46,1.36,0,9,21,24,0,5,26,4,0,25,5,0,0,20,10,1,19,10,1,19,10
CWE-787,6.8,0,0,1,0,1,0,0,0,1,0,1,0,0,0,1,0,0,1,0,0,1,0
CWE-125,4.76,1.34,1,13,2,15,0,1,4,12,0,16,0,0,13,3,0,13,3,0,0,16,0
CWE-426,9.3,0,0,0,1,1,0,0,0,1,0,1,0,0,0,0,1,0,0,1,0,0,1
CWE-287,6.26,1.79,4,76,43,112,0,8,82,37,4,107,16,0,35,63,25,26,78,19,56,46,21
CWE-78,8.73,1.27,0,4,36,35,0,1,31,4,5,27,13,0,3,4,33,3,5,32,0,5,35
CWE-190,8.21,1.68,0,2,8,8,0,2,4,6,0,9,1,0,0,3,7,0,3,7,0,3,7
CWE-502,8.75,1.25,0,0,2,2,0,0,2,0,0,2,0,0,0,1,1,0,1,1,0,1,1
CWE-798,9.5,1,0,0,5,5,0,0,5,0,0,5,0,0,0,1,4,0,1,4,0,1,4
,,,,,,,,,,,,,,,,,,,,,,,
Data for: datasets/nvdcve-1.0-2015.json,,,,,,,,,,,,,,,,,,,,,,,
Year,average score,deviation,,severities,,,vectors,,,complexities,,,authentication,,,confidentiality,,,integrity,,,availability,
,,,Low,Medium,High,Network,Adjacent Network,Local,Low,Medium,High,None,Single,Multiple,None,Partial,Complete,None,Partial,Complete,None,Partial,Complete
CWE-119,7.89,1.76,10,396,710,1017,0,91,585,526,5,1088,28,0,131,444,541,157,419,540,16,509,591
CWE-264,6.52,2,41,310,297,427,0,214,430,208,10,497,149,2,142,228,278,81,281,286,173,181,294
CWE-89,7.05,0.7,0,92,129,220,0,1,212,9,0,133,86,2,2,215,4,4,213,4,4,213,4
CWE-20,6.04,2.04,32,317,196,466,0,64,335,204,6,489,56,0,321,117,107,249,189,107,118,245,182
CWE-284,6.26,2.26,24,104,88,173,0,38,161,53,2,168,47,1,68,87,61,41,113,62,88,61,67
CWE-416,8.38,1.7,0,3,18,20,0,1,16,4,1,20,1,0,2,6,13,2,6,13,0,8,13
CWE-399,6.88,1.81,8,167,177,309,0,22,224,125,3,317,35,0,251,21,80,251,21,80,1,115,236
CWE-77,8.12,1.66,1,11,42,46,0,8,45,8,1,36,17,1,1,20,33,0,21,33,0,21,33
CWE-787,5,0,0,1,0,1,0,0,1,0,0,1,0,0,1,0,0,1,0,0,0,1,0
CWE-125,4.81,1.63,2,15,2,17,0,2,7,12,0,18,1,0,13,5,1,15,3,1,3,15,1
CWE-426,7.12,0.16,0,1,4,1,0,4,4,1,0,5,0,0,0,1,4,0,1,4,0,1,4
CWE-287,7.33,1.82,1,18,31,48,0,2,38,11,1,45,5,0,7,28,15,4,32,14,13,21,16
CWE-78,8.06,1.45,0,12,34,36,0,10,37,9,0,31,14,1,0,16,30,0,16,30,0,16,30
CWE-190,8,2.13,0,10,17,26,0,1,16,11,0,27,0,0,6,6,15,7,5,15,0,11,16
CWE-502,8.5,1.06,0,0,4,4,0,0,4,0,0,3,1,0,0,2,2,0,2,2,0,2,2
CWE-798,9.38,1.08,0,0,8,8,0,0,8,0,0,8,0,0,0,2,6,0,2,6,0,2,6
,,,,,,,,,,,,,,,,,,,,,,,
Data for: datasets/nvdcve-1.0-2016.json,,,,,,,,,,,,,,,,,,,,,,,
Year,average score,deviation,,severities,,,vectors,,,complexities,,,authentication,,,confidentiality,,,integrity,,,availability,
,,,Low,Medium,High,Network,Adjacent Network,Local,Low,Medium,High,None,Single,Multiple,None,Partial,Complete,None,Partial,Complete,None,Partial,Complete
CWE-119,7.83,1.91,15,469,879,1259,0,94,682,598,83,1334,29,0,197,450,716,219,426,718,16,592,755
CWE-264,7.35,1.85,27,219,498,463,0,276,404,272,68,627,117,0,56,166,522,51,165,528,84,128,532
CWE-89,6.84,0.98,0,68,67,135,0,0,124,10,1,83,52,0,2,130,3,13,120,2,14,119,2
CWE-20,6.05,1.97,37,391,224,560,0,84,399,238,15,585,67,0,368,156,128,314,211,127,126,306,220
CWE-284,5.92,1.95,51,369,164,487,0,89,334,221,29,449,134,1,199,269,116,125,343,116,247,191,146
CWE-416,7.83,2.04,3,53,97,138,0,15,105,48,0,153,0,0,22,57,74,25,54,74,3,75,75
CWE-399,5.84,1.82,19,113,85,174,0,29,159,56,2,202,15,0,211,1,5,208,3,6,1,99,117
CWE-77,8.09,1.41,0,14,45,49,0,9,51,7,1,37,22,0,1,22,36,0,23,36,0,23,36
CWE-787,6.36,1.71,3,40,27,64,0,6,33,37,0,69,1,0,21,43,6,21,43,6,0,64,6
CWE-125,5.04,1.34,10,164,16,176,0,14,65,125,0,186,4,0,130,53,7,157,28,5,11,170,9
CWE-426,6.44,1.79,0,11,5,10,0,6,3,13,0,16,0,0,1,11,4,0,12,4,1,11,4
CWE-287,6.64,2.02,4,42,36,73,0,4,65,14,3,78,4,0,11,52,19,19,44,19,35,27,20
CWE-78,8.31,1.34,0,7,27,29,0,5,27,7,0,14,20,0,0,7,27,1,7,26,1,7,26
CWE-190,6.99,1.8,1,52,59,100,0,12,65,47,0,111,1,0,25,59,28,26,58,28,3,78,31
CWE-502,7.32,1.41,1,5,23,29,0,0,27,1,1,25,4,0,3,23,3,2,24,3,1,24,4
CWE-798,8.23,2.06,1,6,28,30,0,3,31,4,0,35,0,0,0,16,19,3,13,19,4,13,18
,,,,,,,,,,,,,,,,,,,,,,,
Data for: datasets/nvdcve-1.0-2017.json,,,,,,,,,,,,,,,,,,,,,,,
Year,average score,deviation,,severities,,,vectors,,,complexities,,,authentication,,,confidentiality,,,integrity,,,availability,
,,,Low,Medium,High,Network,Adjacent Network,Local,Low,Medium,High,None,Single,Multiple,None,Partial,Complete,None,Partial,Complete,None,Partial,Complete
CWE-119,6.76,1.79,32,1285,1005,1955,0,336,960,1185,177,2280,42,0,464,1172,686,504,1135,683,45,1550,727
CWE-264,6.76,1.93,47,426,550,642,0,364,601,316,106,859,164,0,131,374,518,96,401,526,141,351,531
CWE-89,7.08,0.9,0,136,323,458,0,0,451,8,0,341,118,0,1,451,7,32,420,7,35,417,7
CWE-20,5.99,1.94,46,603,318,812,0,119,634,330,3,792,175,0,567,190,210,418,339,210,198,463,306
CWE-284,5.59,1.64,126,818,231,973,0,181,587,538,50,882,293,0,303,751,121,274,789,112,624,415,136
CWE-416,7.18,1.78,2,143,148,255,0,36,139,146,8,292,1,0,50,140,103,57,133,103,8,177,108
CWE-399,5.78,1.59,18,194,143,303,0,44,226,128,1,335,20,0,348,3,4,346,5,4,0,174,181
CWE-77,7.88,1.6,2,64,137,168,0,22,180,20,3,112,91,0,2,90,111,3,89,111,3,88,112
CWE-787,7,1.47,2,80,88,137,0,31,90,80,0,169,1,0,29,91,50,29,91,50,1,117,52
CWE-125,5.65,1.86,25,272,77,325,0,48,169,205,0,365,9,0,163,152,59,244,73,57,56,251,67
CWE-426,7.99,1.65,1,51,71,110,0,13,9,114,0,123,0,0,1,51,71,1,51,71,0,52,71
CWE-287,6.75,1.89,6,77,69,132,0,12,117,32,3,134,18,0,24,94,34,26,92,34,43,75,34
CWE-78,8.59,1.33,0,12,65,64,0,6,65,12,0,38,39,0,1,14,62,0,14,63,0,14,63
CWE-190,6.59,1.45,3,109,63,148,0,26,80,93,2,171,4,0,36,111,28,41,107,27,2,140,33
CWE-502,7.56,1.28,1,15,54,67,0,3,58,12,0,58,12,0,4,50,16,4,50,16,0,53,17
CWE-798,7.72,1.74,1,16,51,59,0,5,62,6,0,66,2,0,0,44,24,6,38,24,9,35,24
